Split,Images,Percentage
Training,7011,70.0049925112332
Validation,2013,20.099850224663
Test,991,9.89515726410384
Total,10015,100
